{
    "Root Mean Squared Error": 174270.9135166699,
    "Mean Absolute Error": 135245.19656176795,
    "R-squared": 0.8013733292317762,
    "Mean Absolute Percentage Error": 5.823977010169441
}